{
"__init__.py!main": [1558613932.297233, "1 x 2", "Plot", "-", 22], 
"augmentation.py!main": [1558613932.308602, "165 ln", "Text", "-", 5643], 
"auto_2d_select.py!main": [1558613932.319898, "467 ln", "Text", "-", 15885], 
"hdf_io.py!main": [1558613932.331226, "35 ln", "Text", "-", 1615], 
"helper.py!main": [1558613932.342989, "177 ln", "Text", "-", 5760], 
"mytest.py!main": [1558613932.354211, "20 ln", "Text", "-", 632], 
"predict.py!main": [1558613932.365385, "44 ln", "Text", "-", 1235]
}